Surname;Vladimirov;Bydanova;Alekseev;Gnezdov;Nazarov;Andreev
Name;Vovan;Sonya;Artem;Vladislav;Nikita;Anton
Middlename;Vladimirovich;Sergeevna;Andreevich;Konstantinovich;Mikhailovich;Pavlovich
Birthday;19.01.1954;20.04.1982;30.04.1959;17.04.2000;15.05.2000;10.03.1965
City;Vladivostok;Votkinsk;Yakutsk;Smolensk;Votkinsk;Gomel
Serial number;6789525;2312853;7432246;1515425;3456781;1625826
Date of issue;11.03.1994;13.06.2006;22.09.2012;11.12.2020;11.11.2020;20.03.2000
Place of issue;Vyborg;Ekaterinburg;Yakutsk;Smolensk;Votkinsk;Aloha
INN num;223542;423765;321532;621612;1525622;1762778
Insurance;342678;565432;345742;627781;7126215;8126254
Home address;Gorokhovaya;Azina;Shkolnaya;Dvinskaya;Korolyova;PrivetRd
Degree;special;higher;higher;secondary;secondary;higher
Specialty;Head;Booker;Programming;Programming;ReversEngineer;Slave
Department;KinkCOM;Accounting;IT;IT;Reversing;Rev
Position;Headmaster;Accountant;SeniorDeveloper;JuniorDeveloper;SeniorReversEngineer;69
Salary;200000;50000;80000;13245;161000;300000
Date of receipt;12.06.1999;12.12.2016;23.07.2007;11.11.2011;01.11.2011;18.03.2000
